epoch,train_loss,train_auc,val_loss,val_auc,val_f1,time_s
1,0.7050173729658127,0.39682539682539686,0.6931208968162537,0.5,0.7692307692307693,1.5907464589981828
