{
  "metrics_at_threshold": {
    "threshold": 0.5,
    "accuracy": 0.375,
    "balanced_accuracy": 0.375,
    "precision": 0.3333333333333333,
    "recall": 0.25,
    "specificity": 0.499999999999875,
    "f1": 0.2857142857142857,
    "false_positive_rate": 0.499999999999875,
    "false_negative_rate": 0.7499999999998125,
    "false_positives": 2,
    "false_negatives": 3,
    "true_positives": 1,
    "true_negatives": 2,
    "support_real": 4,
    "support_fake": 4,
    "roc_auc": 0.4375,
    "pr_auc": 0.6178571428571429
  },
  "best_f1_threshold": {
    "threshold": 0.01,
    "accuracy": 0.5,
    "balanced_accuracy": 0.5,
    "precision": 0.5,
    "recall": 1.0,
    "specificity": 0.0,
    "f1": 0.6666666666666666,
    "false_positive_rate": 0.99999999999975,
    "false_negative_rate": 0.0,
    "false_positives": 4,
    "false_negatives": 0,
    "true_positives": 4,
    "true_negatives": 0,
    "support_real": 4,
    "support_fake": 4,
    "roc_auc": 0.4375,
    "pr_auc": 0.6178571428571429
  },
  "latency": {
    "samples": 8.0,
    "latency_ms_mean_per_image": 59.711416624850244,
    "latency_ms_p50_per_image": 59.711416624850244,
    "latency_ms_p95_per_image": 60.379807136632735
  }
}