epoch,train_loss,train_auc,val_loss,val_auc,val_f1,time_s
1,0.748630091547966,0.234375,0.6841422319412231,0.6000000000000001,0.6666666666666666,1.5441712500032736
